{
  "Attention - Monday at 1-50 PM.m4a": {
    "file": "Attention - Monday at 1-50 PM.m4a",
    "sample_rate": 16000,
    "duration_signal_sec": 2941.9093,
    "silence_sec": 21.799999999999997,
    "sound_sec": 2920.1092999999996,
    "silence_ratio": 0.007410153671290953
  },
  "Attention - Saturday at 2-57 PM.m4a": {
    "file": "Attention - Saturday at 2-57 PM.m4a",
    "sample_rate": 16000,
    "duration_signal_sec": 5934.72,
    "silence_sec": 229.10000000000025,
    "sound_sec": 5705.62,
    "silence_ratio": 0.038603337646931996
  },
  "Attention - Saturday at 7-34 PM.m4a": {
    "file": "Attention - Saturday at 7-34 PM.m4a",
    "sample_rate": 16000,
    "duration_signal_sec": 4437.5466,
    "silence_sec": 337.70000000000033,
    "sound_sec": 4099.846599999999,
    "silence_ratio": 0.07610060928712284
  },
  "Bus - Friday at 1-36 PM.m4a": {
    "file": "Bus - Friday at 1-36 PM.m4a",
    "sample_rate": 16000,
    "duration_signal_sec": 1691.9893,
    "silence_sec": 3.25,
    "sound_sec": 1688.7393,
    "silence_ratio": 0.0019208159295097198
  },
  "Copy of Friday at 11-30 PM.m4a": {
    "file": "Copy of Friday at 11-30 PM.m4a",
    "sample_rate": 16000,
    "duration_signal_sec": 1976.5333,
    "silence_sec": 155.50000000000009,
    "sound_sec": 1821.0333,
    "silence_ratio": 0.07867309900622473
  },
  "Copy of Something - Sunday at 5-47 PM.m4a": {
    "file": "Copy of Something - Sunday at 5-47 PM.m4a",
    "sample_rate": 16000,
    "duration_signal_sec": 2004.3093,
    "silence_sec": 8.350000000000001,
    "sound_sec": 1995.9593,
    "silence_ratio": 0.004166023677084171
  },
  "Copy of Tuesday at 5-51 PM.m4a": {
    "file": "Copy of Tuesday at 5-51 PM.m4a",
    "sample_rate": 16000,
    "duration_signal_sec": 4336.7253,
    "silence_sec": 0.9500000000000003,
    "sound_sec": 4335.7753,
    "silence_ratio": 0.00021905929803762306
  },
  "Costillas - Tuesday at 5-41 PM.m4a": {
    "file": "Costillas - Tuesday at 5-41 PM.m4a",
    "sample_rate": 16000,
    "duration_signal_sec": 2518.784,
    "silence_sec": 3.5,
    "sound_sec": 2515.284,
    "silence_ratio": 0.0013895594064437442
  },
  "Friday at 10-02 AM.m4a": {
    "file": "Friday at 10-02 AM.m4a",
    "sample_rate": 16000,
    "duration_signal_sec": 16.128,
    "silence_sec": 13.8,
    "sound_sec": 2.3279999999999994,
    "silence_ratio": 0.855654761904762
  },
  "Friday at 10-03 AM.m4a": {
    "file": "Friday at 10-03 AM.m4a",
    "sample_rate": 16000,
    "duration_signal_sec": 6560.576,
    "silence_sec": 95.59999999999998,
    "sound_sec": 6464.976,
    "silence_ratio": 0.014571891248573292
  },
  "Friday at 10-25 AM.m4a": {
    "file": "Friday at 10-25 AM.m4a",
    "sample_rate": 16000,
    "duration_signal_sec": 8324.48,
    "silence_sec": 286.9000000000001,
    "sound_sec": 8037.58,
    "silence_ratio": 0.03446461520719614
  },
  "Friday at 2-50 PM.m4a": {
    "file": "Friday at 2-50 PM.m4a",
    "sample_rate": 16000,
    "duration_signal_sec": 22.2293,
    "silence_sec": 3.1,
    "sound_sec": 19.129299999999997,
    "silence_ratio": 0.13945558339668818
  },
  "Friday at 4-46 PM.m4a": {
    "file": "Friday at 4-46 PM.m4a",
    "sample_rate": 16000,
    "duration_signal_sec": 3844.928,
    "silence_sec": 163.35000000000002,
    "sound_sec": 3681.578,
    "silence_ratio": 0.042484540672803245
  },
  "Friday at 6-45 PM.m4a": {
    "file": "Friday at 6-45 PM.m4a",
    "sample_rate": 16000,
    "duration_signal_sec": 677.888,
    "silence_sec": 0.35,
    "sound_sec": 677.538,
    "silence_ratio": 0.0005163094788519637
  },
  "Friday at 7-13 PM.m4a": {
    "file": "Friday at 7-13 PM.m4a",
    "sample_rate": 16000,
    "duration_signal_sec": 1046.528,
    "silence_sec": 113.8,
    "sound_sec": 932.7280000000001,
    "silence_ratio": 0.10874052103718199
  },
  "Metro Transit - Thursday at 4-44 PM.m4a": {
    "file": "Metro Transit - Thursday at 4-44 PM.m4a",
    "sample_rate": 16000,
    "duration_signal_sec": 1278.976,
    "silence_sec": 54.349999999999994,
    "sound_sec": 1224.6260000000002,
    "silence_ratio": 0.0424949334467574
  },
  "Monday at 1-38 PM.m4a": {
    "file": "Monday at 1-38 PM.m4a",
    "sample_rate": 16000,
    "duration_signal_sec": 1928.32,
    "silence_sec": 0.65,
    "sound_sec": 1927.6699999999998,
    "silence_ratio": 0.0003370809824095586
  },
  "Monday at 10-09 AM.m4a": {
    "file": "Monday at 10-09 AM.m4a",
    "sample_rate": 16000,
    "duration_signal_sec": 3175.9,
    "silence_sec": 77.19999999999999,
    "sound_sec": 3098.7000000000003,
    "silence_ratio": 0.024308070153342354
  },
  "Monday at 10-24 AM.m4a": {
    "file": "Monday at 10-24 AM.m4a",
    "sample_rate": 16000,
    "duration_signal_sec": 4668.448,
    "silence_sec": 165.49999999999994,
    "sound_sec": 4502.948,
    "silence_ratio": 0.03545075365517618
  },
  "Monday at 10-38 AM.m4a": {
    "file": "Monday at 10-38 AM.m4a",
    "sample_rate": 16000,
    "duration_signal_sec": 6626.432,
    "silence_sec": 232.49999999999997,
    "sound_sec": 6393.932,
    "silence_ratio": 0.03508675558732059
  },
  "Monday at 10-49 AM.m4a": {
    "file": "Monday at 10-49 AM.m4a",
    "sample_rate": 16000,
    "duration_signal_sec": 2116.128,
    "silence_sec": 11.750000000000002,
    "sound_sec": 2104.378,
    "silence_ratio": 0.005552594171997157
  },
  "Monday at 11-49 AM.m4a": {
    "file": "Monday at 11-49 AM.m4a",
    "sample_rate": 16000,
    "duration_signal_sec": 2074.176,
    "silence_sec": 370.09999999999997,
    "sound_sec": 1704.076,
    "silence_ratio": 0.17843230275540745
  },
  "Monday at 12-07 PM.m4a": {
    "file": "Monday at 12-07 PM.m4a",
    "sample_rate": 16000,
    "duration_signal_sec": 3240.288,
    "silence_sec": 0.25,
    "sound_sec": 3240.038,
    "silence_ratio": 7.715363572620705e-05
  },
  "Routes - Sunday at 4-01 PM.m4a": {
    "file": "Routes - Sunday at 4-01 PM.m4a",
    "sample_rate": 16000,
    "duration_signal_sec": 1719.168,
    "silence_sec": 0.6500000000000001,
    "sound_sec": 1718.5179999999998,
    "silence_ratio": 0.00037808986672623046
  },
  "Saturday at 11-16 AM.m4a": {
    "file": "Saturday at 11-16 AM.m4a",
    "sample_rate": 16000,
    "duration_signal_sec": 704.8,
    "silence_sec": 0.25,
    "sound_sec": 704.55,
    "silence_ratio": 0.00035471055618615214
  },
  "Saturday at 5-34 PM.m4a": {
    "file": "Saturday at 5-34 PM.m4a",
    "sample_rate": 16000,
    "duration_signal_sec": 3088.0,
    "silence_sec": 360.55000000000007,
    "sound_sec": 2727.45,
    "silence_ratio": 0.1167584196891192
  },
  "Saturday at 6-35 PM.m4a": {
    "file": "Saturday at 6-35 PM.m4a",
    "sample_rate": 16000,
    "duration_signal_sec": 3912.8,
    "silence_sec": 178.95000000000005,
    "sound_sec": 3733.8500000000004,
    "silence_ratio": 0.045734512369658566
  },
  "Smoking - Thursday at 4-24 PM.m4a": {
    "file": "Smoking - Thursday at 4-24 PM.m4a",
    "sample_rate": 16000,
    "duration_signal_sec": 7985.664,
    "silence_sec": 428.9500000000003,
    "sound_sec": 7556.714,
    "silence_ratio": 0.05371500729306922
  },
  "Smoking - Thursday at 7-59 PM.m4a": {
    "file": "Smoking - Thursday at 7-59 PM.m4a",
    "sample_rate": 16000,
    "duration_signal_sec": 4244.608,
    "silence_sec": 102.94999999999995,
    "sound_sec": 4141.658,
    "silence_ratio": 0.024254300986098112
  },
  "Smoking - Wednesday at 2-07 PM.m4a": {
    "file": "Smoking - Wednesday at 2-07 PM.m4a",
    "sample_rate": 16000,
    "duration_signal_sec": 4226.1333,
    "silence_sec": 1.0000000000000002,
    "sound_sec": 4225.1333,
    "silence_ratio": 0.00023662291958467097
  },
  "Something - Sunday at 5-47 PM.m4a": {
    "file": "Something - Sunday at 5-47 PM.m4a",
    "sample_rate": 16000,
    "duration_signal_sec": 2331.392,
    "silence_sec": 9.250000000000004,
    "sound_sec": 2322.142,
    "silence_ratio": 0.00396758674645877
  },
  "Station - Friday at 11-53 AM.m4a": {
    "file": "Station - Friday at 11-53 AM.m4a",
    "sample_rate": 16000,
    "duration_signal_sec": 2204.8853,